Date,City,Country,Latitude,Longitude,MaxTemp,Humidity,Cloudiness,Wind Speed
1546813800,Hobart,AU,-42.88,147.33,62.6,48,40,6.93
1546812000,Ribeira Grande,PT,38.52,-28.7,62.6,88,40,20.8
1546812000,Norman Wells,CA,65.28,-126.83,-13.01,75,20,6.93
1546815195,Tevriz,RU,57.51,72.4,11.13,78,68,8.16
1546812000,Ushuaia,AR,-54.81,-68.31,46.4,80,40,32.21
1546815197,Atuona,PF,-9.8,-139.03,79.67,100,36,12.86
1546814100,Yazoo City,US,32.86,-90.41,68.0,37,1,5.82
1546815200,Birao,CF,10.3,22.78,73.05,39,0,11.97
1546815201,East London,ZA,-33.02,27.91,69.14,100,0,7.61
1546814950,Mataura,NZ,-46.19,168.86,65.85,64,48,16.89
1546811400,Berlevag,NO,70.86,29.09,39.2,60,75,41.38
1546815204,Barrow,AR,-38.31,-60.23,68.82,66,32,12.19
1546815205,Faanui,PF,-16.48,-151.75,83.22,100,68,11.74
1546815206,Susehri,TR,40.16,38.09,25.35,92,92,1.9
1546812000,Puerto Ayora,EC,-0.74,-90.35,86.0,62,20,9.17
1546815209,Arraial do Cabo,BR,-22.97,-42.02,80.25,78,32,20.02
1546815210,Zigong,CN,29.34,104.78,37.55,96,48,2.91
1546815211,Dongsheng,CN,29.72,112.52,36.29,98,92,7.94
1546815212,Mar del Plata,AR,-46.43,-67.52,63.6,38,92,22.15
1546812000,Cape Town,ZA,-33.93,18.42,66.2,77,0,10.29
1546815216,Cherskiy,RU,68.75,161.3,-39.68,85,8,1.68
1546815217,Rikitea,PF,-23.12,-134.97,77.6,100,100,11.18
1546812000,Flinders,AU,-34.58,150.85,71.6,68,75,1.12
1546813020,Albany,US,42.65,-73.75,32.0,49,90,14.99
1546813800,Victoria,BN,5.28,115.24,80.6,88,75,3.36
1546813620,Lompoc,US,34.64,-120.46,59.0,72,90,12.75
1546815224,Batagay,RU,67.65,134.64,-48.18,0,12,2.91
1546814945,Hermanus,ZA,-34.42,19.24,53.97,95,0,3.91
1546814929,Butaritari,KI,3.07,172.79,83.13,100,20,13.76
1546812000,Camacha,PT,33.08,-16.33,64.4,77,20,10.29
1546814951,Jamestown,AU,-33.21,138.6,74.22,42,0,7.49
1546812780,Thompson,CA,55.74,-97.86,3.2,84,90,5.82
1546815231,Preobrazheniye,RU,42.9,133.91,-3.77,74,0,2.57
1546814990,Wakkanai,JP,45.41,141.67,24.72,100,36,21.25
1546812000,Moose Factory,CA,51.26,-80.61,-4.01,70,1,3.36
1546812000,Rudsar,IR,37.14,50.29,44.6,100,75,4.7
1546815235,Saskylakh,RU,71.97,114.09,-38.15,0,12,3.02
1546812900,Hamilton,CA,43.26,-79.87,30.2,63,75,12.75
1546815300,Pasco,US,46.24,-119.1,51.98,50,75,8.05
1546812000,Bredasdorp,ZA,-34.53,20.04,66.2,72,0,3.36
1546811400,Saint George,GR,39.45,22.34,35.6,85,20,3.36
1546815244,Bluff,AU,-23.58,149.07,84.8,53,48,13.76
1546815245,Koslan,RU,63.46,48.9,8.48,86,92,7.83
1546812000,Kerrobert,CA,51.92,-109.14,32.0,90,75,23.04
1546812000,Najran,SA,17.54,44.22,60.8,57,0,2.24
1546815248,Turiacu,BR,-5.01,-63.0,73.82,98,88,6.38
1546812000,Comodoro Rivadavia,AR,-45.87,-67.48,68.0,18,40,21.92
1546815251,Husavik,CA,50.56,-96.99,21.75,87,88,19.13
1546815252,Bubaque,GW,11.28,-15.83,79.17,99,20,3.91
1546815253,Port Alfred,ZA,-33.59,26.89,64.95,100,0,6.6
1546815254,Khatanga,RU,71.98,102.47,-33.02,58,20,6.15
1546815256,Vrangel,RU,42.73,133.08,20.45,100,0,12.41
1546811760,Kapaa,US,22.08,-159.32,78.98,62,1,6.93
1546815258,Vaini,IN,15.34,74.49,56.85,79,0,4.36
1546812000,Bathsheba,BB,13.22,-59.52,78.8,74,40,17.22
1546813320,Portland,US,45.52,-122.67,42.08,88,90,6.93
1546814978,Kloulklubed,PW,7.04,134.26,80.3,100,76,21.81
1546815263,Dekar,BW,-21.53,21.93,67.02,82,0,3.58
1546811760,Dickinson,US,46.88,-102.79,33.08,84,90,17.22
1546812000,Avarua,CK,-21.21,-159.78,82.4,65,75,11.41
1546811400,Salalah,OM,17.01,54.1,73.4,73,0,4.7
1546812000,Mazagao,BR,-0.12,-51.29,78.8,100,90,3.36
1546815270,Mezen,RU,65.85,44.24,24.0,91,92,7.61
1546814992,Sitka,US,37.17,-99.65,64.64,39,56,22.03
1546815019,Nanortalik,GL,60.14,-45.24,30.48,96,80,9.17
1546811580,Hilo,US,19.71,-155.08,80.06,58,1,12.75
1546814460,Port Hawkesbury,CA,45.62,-61.36,28.4,86,90,21.92
1546815276,Nguru,NG,12.88,10.45,61.13,41,0,10.63
1546812000,Torbay,CA,47.66,-52.73,39.2,100,90,14.99
1546813200,Malmesbury,GB,51.58,-2.1,46.4,100,90,4.7
1546815279,Dingle,PH,11.0,122.67,76.65,69,0,14.76
1546811400,Tasiilaq,GL,65.61,-37.64,17.6,57,0,4.7
1546815282,Bilibino,RU,68.06,166.44,-40.49,0,32,2.8
1546815283,Rawson,AR,-43.3,-65.11,77.15,20,88,7.38
1546814998,Narsaq,GL,60.91,-46.05,17.52,92,80,2.13
1546811760,Kahului,US,20.89,-156.47,84.92,41,1,9.17
1546815288,Sosnovka,RU,53.23,41.37,9.29,84,48,5.03
1546815032,Ostrovnoy,RU,68.05,39.51,32.06,95,92,16.89
1546815290,Busselton,AU,-33.64,115.35,68.42,98,0,18.57
1546815291,Bage,NG,10.95,11.38,66.89,30,12,11.41
1546815292,Maningrida,AU,-12.05,134.23,85.97,93,0,3.69
1546812000,Punta Arenas,CL,-53.16,-70.91,48.2,49,40,20.8
1546815294,Turukhansk,RU,65.8,87.96,3.03,74,76,18.9
1546815297,Dunedin,NZ,-45.87,170.5,65.72,77,8,4.47
1546813800,Yeppoon,AU,-23.13,150.74,78.8,69,40,12.75
1546815299,Lesosibirsk,RU,58.22,92.49,9.78,82,92,7.49
1546815300,Severo-Kurilsk,RU,50.68,156.12,25.67,100,44,26.96
1546811580,Homer,US,59.64,-151.54,17.06,66,1,6.93
1546813200,Wanning,AT,48.64,13.53,35.6,93,75,10.29
1546815304,Ponta do Sol,BR,-20.63,-46.0,64.1,94,24,2.35
1546813800,Nador,MA,35.17,-2.93,46.4,100,0,3.36
1546815306,Yatou,CM,3.63,9.81,83.4,92,12,15.99
1546815308,Piacabucu,BR,-10.41,-36.43,76.02,85,32,8.16
1546815309,Labis,MY,2.38,103.02,75.62,95,76,3.58
1546814100,Fairlie,US,33.31,-95.96,66.56,63,1,13.87
1546815311,Kamaishi,JP,39.28,141.86,33.5,72,8,9.62
1546815312,Kendari,ID,-3.99,122.52,81.38,74,12,3.69
1546812000,Mahebourg,MU,-20.41,57.7,82.4,83,40,12.75
1546812000,Georgetown,GY,6.8,-58.16,80.6,83,40,13.87
1546815317,Tiznit,MA,29.7,-9.73,49.07,74,0,4.03
1546812000,Ancud,CL,-41.87,-73.83,57.2,54,68,13.87
1546813200,Clemency,LU,49.6,5.88,35.6,93,75,6.93
1546815321,Leningradskiy,RU,69.38,178.42,-15.74,95,0,7.38
1546815322,Zeya,RU,53.74,127.27,-17.13,71,56,1.79
1546815323,Sorland,NO,67.67,12.69,42.14,100,80,33.67
1546814100,Shawnee,US,35.33,-96.93,65.84,55,1,20.8
1546813800,Nikolskoye,RU,59.7,30.79,24.8,79,90,8.95
1546815327,Moranbah,AU,-22.0,148.04,82.82,58,68,13.76
1546813800,Mount Isa,AU,-20.73,139.49,87.8,52,0,6.93
1546815330,Lebu,ET,8.96,38.73,32.87,71,8,2.57
1546814100,Rincon,US,32.3,-81.24,68.18,64,1,3.47
1546811640,Green River,US,41.53,-109.47,28.94,84,90,20.8
1546815334,Carnarvon,ZA,-30.97,22.13,63.87,29,0,10.96
1546815336,Sao Filipe,CV,14.9,-24.5,73.28,96,0,9.51
1546811400,Las Choapas,MX,17.91,-94.09,77.0,78,75,13.87
1546815339,Isangel,VU,-19.55,169.27,79.4,97,0,16.22
1546813620,Hvide Sande,DK,56.01,8.13,44.6,87,80,6.93
1546815341,Guerrero Negro,MX,27.97,-114.04,61.4,73,36,12.86
1546815343,Airai,TL,-8.93,125.41,76.25,87,8,0.34
1546815060,Hobyo,SO,5.35,48.53,76.02,86,92,17.22
1546815346,Provideniya,RU,64.42,-173.23,5.6,100,12,26.06
1546815432,Yumen,CN,40.29,97.04,3.53,69,76,2.91
1546815349,Chuy,UY,-33.69,-53.46,82.68,69,80,19.69
1546812000,Tuktoyaktuk,CA,69.44,-133.03,-4.01,83,90,8.05
1546811760,Port Elizabeth,US,39.31,-74.98,47.66,41,1,12.75
1546811400,Santa Ana,SV,13.99,-89.56,87.8,35,0,9.17
1546812000,Shelburne,CA,44.08,-80.2,26.6,53,75,12.75
1546815355,Ust-Tsilma,RU,65.44,52.15,7.76,82,64,7.83
1546815356,Talnakh,RU,69.49,88.39,-0.57,75,56,21.03
1546815358,Dikson,RU,73.51,80.55,-7.28,100,44,27.29
1546815359,Rokytne,UA,51.27,27.23,24.41,94,88,6.49
1546812000,San Cristobal,EC,-0.39,-78.55,59.0,93,75,4.7
1546810920,Cabo San Lucas,MX,22.89,-109.91,75.2,83,90,4.7
1546812000,Guapimirim,BR,-22.53,-42.98,86.0,66,40,6.93
1546815364,Kapit,MY,2.02,112.94,71.97,99,80,2.13
1546813800,Los Corrales de Buelna,ES,43.26,-4.07,39.2,100,75,1.12
1546815367,Bara,NG,10.41,10.6,67.07,28,12,11.41
1546813800,New Norfolk,AU,-42.78,147.06,62.6,48,40,6.93
1546815370,Tabuk,PH,17.41,121.44,64.23,95,56,0.89
1546815371,Caravelas,BR,-17.73,-39.27,80.52,100,68,14.65
1546814100,Saint-Philippe,CA,45.36,-73.48,21.2,62,90,8.05
1546813800,Oktyabrskoye,RU,56.73,85.44,10.4,85,68,17.9
1546813800,Ferrol,ES,43.48,-8.23,41.0,100,0,2.24
1546815377,Zastron,ZA,-30.3,27.08,52.13,86,0,3.13
1546815380,Sikasso,ML,11.32,-5.68,60.9,62,24,3.8
1546815381,Chabahar,IR,25.29,60.65,69.77,100,0,3.91
1546815382,Kasongo-Lunda,CD,-6.48,16.82,68.06,99,92,2.46
1546815383,Jieshou,CN,33.26,115.35,31.92,93,92,6.49
1546812000,Alofi,NU,-19.06,-169.92,80.6,88,92,9.17
1546815386,Celestun,MX,20.87,-90.4,75.89,96,0,17.45
1546815387,Tuatapere,NZ,-46.13,167.69,61.35,83,24,18.12
1546815388,San Quintin,PH,17.54,120.52,68.96,82,0,3.58
1546812000,Yellowknife,CA,62.45,-114.38,-0.41,77,75,14.99
1546815391,Phan Thiet,VN,10.93,108.1,77.37,91,0,19.24
1546815392,Taoudenni,ML,22.68,-3.98,50.15,30,0,12.53
1546813200,Broome,GB,52.47,1.45,44.6,93,32,2.24
1546815395,Mayor Pablo Lagerenza,PY,-19.93,-60.77,91.64,45,20,22.7
1546812000,Ranong,TH,9.96,98.62,82.4,74,20,18.34
1546815398,Jardim,BR,-21.48,-56.15,82.95,69,0,13.2
1546815399,Namibe,AO,-15.19,12.15,73.01,100,0,7.61
1546815401,Aykhal,RU,65.95,111.51,-12.45,55,36,5.7
1546815402,Pedernales,EC,0.07,-80.05,73.05,100,92,3.47
1546815404,Russell,AR,-33.01,-68.8,64.73,64,76,3.02
1546811760,North Bend,US,43.41,-124.22,50.0,71,40,12.75
1546815406,Hithadhoo,MV,-0.6,73.08,77.51,100,92,0.89
1546815407,Omboue,GA,-1.57,9.26,79.35,100,92,1.57
1546815300,Tarpon Springs,US,28.15,-82.76,71.06,47,1,3.36
1546815410,Maralal,KE,1.1,36.7,54.15,93,56,2.35
1546813800,Fortuna,ES,38.18,-1.13,44.6,56,0,3.36
1546815413,Evensk,RU,61.92,159.24,18.56,91,88,29.3
1546815414,Ciudad Bolivar,VE,8.12,-63.55,84.89,48,48,12.75
1546815415,Xai-Xai,MZ,-25.04,33.64,74.9,100,44,14.09
1546811400,Penzance,GB,50.12,-5.53,48.2,81,48,3.36
1546815417,Diego de Almagro,CL,-26.39,-70.05,66.89,45,0,2.46
1546815420,Sagar,IN,23.84,78.75,49.88,95,48,9.4
1546813800,Saint-Augustin,FR,44.83,-0.61,37.4,74,90,5.82
1546815423,Lorengau,PG,-2.02,147.27,85.07,95,88,14.43
1546815424,Zuenoula,CI,7.43,-6.04,70.31,54,12,3.69
1546815427,Cidreira,BR,-30.17,-50.22,77.69,80,92,16.33
1546815428,Biltine,TD,14.53,20.93,66.3,24,0,13.87
1546815429,Okha,RU,53.59,142.95,1.55,80,0,16.89
1546812900,Kodiak,US,39.95,-94.76,53.96,40,1,13.87
1546812000,Swift Current,CA,50.29,-107.8,35.6,80,75,16.11
1546815433,Keskin,TR,39.67,33.62,17.66,78,44,4.7
1546811940,Cienfuegos,CU,22.15,-80.44,78.8,69,36,11.41
1546812000,Belgrade,RS,44.82,20.46,26.6,86,90,8.05
1546812000,Bambous Virieux,MU,-20.34,57.76,82.4,83,40,12.75
1546815439,Omsukchan,RU,62.53,155.8,-31.4,48,68,2.57
1546814100,Flagstaff,US,35.2,-111.65,37.4,85,90,20.8
1546813200,Hovd,NO,63.83,10.7,39.2,80,90,16.11
1546814400,Half Moon Bay,US,37.46,-122.43,51.98,93,90,31.09
1546815443,Reconquista,AR,-29.14,-59.64,75.08,95,80,13.98
1546815444,Upernavik,GL,72.79,-56.15,3.12,100,0,9.17
1546813800,Makarska,HR,43.3,17.02,41.0,41,0,18.34
1546814100,Hong,US,37.9,-94.42,61.88,49,40,18.34
1546812000,Cap-aux-Meules,CA,47.38,-61.86,28.4,92,90,32.21
1546815450,Maltahohe,NA,-24.83,16.98,67.02,53,0,5.7
1546815451,Chokurdakh,RU,70.62,147.9,-41.48,0,8,2.68
1546815452,Uyuni,BO,-20.46,-66.82,49.92,42,0,9.62
1546813800,Martapura,ID,-3.41,114.85,75.2,94,48,4.7
1546815455,Changying,CN,52.87,123.32,-17.54,72,0,4.25
1546815456,Meulaboh,ID,4.14,96.13,78.18,100,36,3.02
1546815457,Kaitangata,NZ,-46.28,169.85,66.93,65,12,17.22
1546815459,Russkaya Polyana,RU,53.78,73.88,6.72,79,68,10.18
1546813800,Katherine,AU,-14.47,132.26,78.8,74,0,5.82
1546813800,Nevelsk,RU,46.67,141.86,-16.61,75,20,2.24
1546812000,Fukue,JP,35.03,136.69,41.0,56,20,16.11
1546812000,Flin Flon,CA,54.77,-101.88,12.2,85,90,10.29
1546815465,Orapa,BW,-21.28,25.37,70.31,92,68,10.18
1546812000,Coquimbo,CL,-29.95,-71.34,69.8,52,20,14.99
1546812000,Adrar,DZ,27.87,-0.29,44.6,45,0,6.93
1546815469,Ladario,PT,40.7,-7.74,22.16,65,0,3.58
1546812000,Castro,CL,-42.48,-73.76,57.2,54,32,13.87
1546815472,Sisimiut,GL,66.94,-53.67,4.88,100,80,4.36
1546812000,Whitehorse,CA,60.72,-135.06,-14.81,75,20,8.05
1546812000,Sri Aman,MY,1.24,111.46,77.0,94,92,3.36
1546815477,Bandarbeyla,SO,9.49,50.81,75.93,100,80,18.23
1546813800,Port Macquarie,AU,-31.43,152.91,77.0,83,90,6.93
1546812000,Zakupy,CZ,50.68,14.65,32.0,93,75,5.82
1546812000,Vila Franca do Campo,PT,37.72,-25.43,64.4,88,75,23.04
1546815482,Zabaykalsk,CN,49.64,117.33,-12.68,56,0,14.76
1546812000,Point Fortin,TT,10.16,-61.68,80.6,74,20,11.41
1546815484,Baykit,RU,61.68,96.39,-3.32,72,68,10.74
1546811760,Great Bend,US,38.36,-98.78,57.02,48,1,10.29
1546811760,Lahaina,US,20.87,-156.68,84.92,39,20,6.93
1546811760,La Mesa,US,32.77,-117.02,62.96,57,75,10.29
1546813200,Bronnoysund,NO,65.46,12.2,37.4,92,75,12.75
1546815490,Luderitz,NA,-26.65,15.16,59.82,85,0,14.2
1546812000,Antofagasta,CL,-23.65,-70.4,69.8,64,75,13.87
1546815492,Verkhoyansk,RU,67.55,133.39,-42.11,0,20,2.68
1546812000,Pilar,AR,-34.46,-58.91,84.2,54,0,8.05
1546815495,Presidencia Roque Saenz Pena,AR,-26.79,-60.44,80.48,85,32,12.41
1546812000,Nishihara,JP,35.74,139.53,41.0,62,1,5.82
1546812000,Niigata,JP,37.91,139.04,39.2,55,75,16.11
1546813200,Kuopio,FI,62.89,27.68,28.4,100,90,10.29
1546812000,Kotli Loharan,PK,32.59,74.49,42.8,87,0,3.02
1546815501,Katima Mulilo,NA,-17.5,24.28,67.61,94,56,4.59
1546815502,Preeceville,CA,51.95,-102.67,21.71,83,88,14.32
1546815503,Marawi,PH,8.0,124.29,71.75,83,20,2.68
1546810980,Tecoanapa,MX,16.99,-99.26,84.2,70,20,8.05
1546811700,Masuda,JP,34.68,131.85,37.04,78,40,8.05
1546815507,Salym,RU,60.06,71.48,12.3,73,88,7.94
1546815508,Kuzhorskaya,RU,44.67,40.3,26.43,91,76,2.24
1546815509,Taywarah,AF,33.35,64.42,10.32,66,56,2.57
1546811400,Ilulissat,GL,69.22,-51.1,17.6,44,20,20.8
1546813800,Souillac,FR,45.6,-0.6,39.2,80,90,6.93
1546813860,Bethel,US,60.79,-161.76,10.4,92,90,6.93
1546815516,Puerto Madryn,AR,-42.77,-65.04,73.46,50,76,9.62
1546812000,Iquitos,PE,-3.75,-73.25,86.0,66,40,6.93
1546815519,Qaanaaq,GL,77.48,-69.36,-16.28,93,0,6.49
1546813800,Port Hedland,AU,-20.31,118.58,82.4,88,0,5.82
1546815522,Nemuro,JP,43.32,145.57,24.77,100,56,17.56
1546815523,Pervomayskoye,RU,57.07,86.23,12.53,85,68,15.66
1546813800,Codrington,AU,-28.95,153.24,78.8,69,90,6.93
1546813560,Price,US,39.6,-110.81,26.96,92,90,1.68
1546815528,Itarema,BR,-2.92,-39.92,79.49,80,88,10.96
1546815530,Yuanping,CN,38.72,112.71,7.08,68,56,2.35
1546815531,Paamiut,GL,61.99,-49.67,32.51,97,88,14.65
1546815532,Koutiala,ML,12.39,-5.46,58.79,48,32,4.7
1546813800,Nhulunbuy,AU,-12.18,136.78,84.2,79,0,4.7
1546813800,Cayenne,GF,4.94,-52.33,78.8,88,75,6.93
1546815537,Komsomolskiy,RU,67.55,63.78,4.7,84,76,10.18
1546815538,Haines Junction,CA,60.75,-137.51,-28.16,39,0,2.01
1546815539,Roebourne,AU,-20.77,117.15,88.67,41,0,5.14
1546815540,Mugur-Aksy,RU,50.38,90.44,-31.58,41,0,2.01
1546811400,Sandwick,GB,54.57,-2.89,44.6,100,90,13.87
1546815542,Hambantota,LK,6.12,81.12,74.54,100,0,7.72
1546815544,Xuddur,SO,4.12,43.89,73.01,59,44,8.95
1546815545,Lakes Entrance,AU,-37.88,147.99,68.51,86,0,3.91
1546813980,Palmer,US,61.6,-149.11,6.98,91,90,2.35
1546815382,Pokhara,NP,28.21,83.99,38.22,90,92,1.9
1546815548,Maragogi,BR,-9.01,-35.22,77.42,91,92,5.48
1546815549,Bako,NG,9.68,6.4,72.83,31,0,13.65
1546815551,Talea,RO,45.23,25.57,13.83,84,36,3.69
1546812000,Iqaluit,CA,63.75,-68.52,-13.01,57,90,5.82
1546815553,Kamenka,RU,53.19,44.05,12.12,86,64,4.25
1546812000,Mount Gambier,AU,-37.83,140.78,62.6,63,90,10.29
1546815556,Port Blair,IN,11.67,92.75,82.28,100,56,21.92
1546815558,Alta Floresta,BR,-9.87,-56.08,76.43,97,12,2.13
1546811040,Bucerias,MX,20.76,-105.33,82.4,54,90,4.7
1546814100,Natchitoches,US,31.76,-93.09,66.02,56,1,5.82
1546815561,Staraya Poltavka,RU,50.48,46.48,16.31,94,56,9.51
1546815562,Kangaatsiaq,GL,68.31,-53.46,22.88,93,64,22.26
1546813800,Padang,ID,-0.92,100.36,77.0,94,20,3.36
1546812000,Morant Bay,JM,17.88,-76.41,84.2,54,20,4.7
1546815566,Gazli,UZ,40.13,63.45,43.67,66,92,15.77
1546812000,Chongwe,ZM,-15.33,28.68,71.6,88,0,2.24
1546813200,Gram,DK,55.78,9.89,42.8,100,80,8.05
1546812000,Vila Velha,BR,-3.71,-38.6,80.6,83,0,6.93
1546812000,Castro Verde,PT,37.7,-8.08,42.8,81,0,3.36
1546815572,Luau,CD,-10.7,22.23,65.54,100,92,2.57
1546815573,Kavieng,PG,-2.57,150.8,85.88,95,68,12.97
1546815318,La Tuque,CA,47.44,-72.79,11.54,56,36,12.19
1546815575,Sao Desiderio,BR,-12.36,-44.97,66.75,96,68,9.17
1546815576,Henties Bay,NA,-22.12,14.28,61.49,100,68,4.7
1546815577,Poya,NC,-21.35,165.16,78.05,92,0,14.2
1546815579,Slyudyanka,RU,51.66,103.72,-14.25,59,12,2.24
1546812000,Danshui,CN,22.81,114.46,60.8,82,75,8.95
1546813800,Krasnoye,RU,44.87,39.46,35.6,100,20,15.66
1546812000,Brikama,GM,13.27,-16.65,75.2,53,0,4.7
1546812000,Port-Cartier,CA,50.03,-66.88,21.2,57,75,21.92
1546812000,Hasaki,JP,35.73,140.83,26.6,79,20,1.12
1546811760,Elko,US,40.83,-115.76,37.94,50,1,12.75
1546815590,Gilgit,PK,35.92,74.31,5.15,80,36,0.56
1546815591,Morada Nova,BR,-5.1,-38.37,82.77,60,80,7.83
1546815552,Karratha,AU,-20.74,116.85,88.67,41,0,5.14
1546815595,Governador Valadares,BR,-18.85,-41.95,75.93,73,64,2.35
1546811400,Longyearbyen,NO,78.22,15.63,21.2,73,75,48.32
1546810980,Frontera,MX,18.53,-92.64,80.6,65,75,8.05
1546812000,Puerto Cabezas,NI,14.04,-83.39,84.2,83,40,6.93
1546812000,Samarina,RU,57.89,27.81,19.4,79,64,6.71
1546812000,Yulara,AU,-25.24,130.99,78.8,21,0,13.87
1546815605,Mozarlandia,BR,-14.74,-50.57,75.3,74,92,4.7
1546812000,Puerto Quijarro,BO,-19.0,-57.72,91.4,62,0,11.41
1546815609,Plettenberg Bay,ZA,-34.05,23.37,64.73,100,0,6.71
1546815694,Labytnangi,RU,66.66,66.39,-1.2,67,48,11.18
1546815612,Mezhevoy,RU,55.17,58.79,13.16,85,56,6.38
1546815615,Ihosy,MG,-22.4,46.13,63.11,97,64,2.91
1546812000,Ponta Delgada,PT,37.73,-25.67,64.4,88,75,23.04
1546815618,Sarny,UA,51.32,26.62,24.14,89,80,10.18
1546812000,Alyangula,AU,-13.85,136.42,84.2,79,8,4.7
1546815621,Hofn,IS,64.25,-15.21,39.48,100,92,13.65
1546815623,Sambava,MG,-14.27,50.17,77.78,100,92,6.15
1546812000,Port Hardy,CA,50.7,-127.42,35.6,93,90,10.29
1546815626,Chernyshevskiy,RU,63.01,112.47,-0.89,66,56,8.16
1546812000,San Matias,HN,13.97,-86.63,77.0,47,40,16.11
1546813800,Kampot,KH,10.62,104.18,78.8,78,20,8.05
1546815630,Ust-Nera,RU,64.57,143.24,-60.29,0,8,1.57
1546815631,El Tarra,CO,8.57,-73.09,76.07,52,8,2.57
1546811880,Havelock,US,34.88,-76.9,64.94,44,1,6.93
1546813800,Senovo,SI,46.02,15.48,30.2,100,12,6.38
1546815635,Saldanha,PT,41.42,-6.55,19.77,72,0,2.68
1546815636,Te Anau,NZ,-45.41,167.72,57.26,77,44,10.07
1546815638,Gberia Fotombu,SL,9.88,-11.17,62.75,54,36,3.58
1546815000,Haukipudas,FI,65.17,25.5,33.8,100,92,6.93
1546815640,Kruisfontein,ZA,-34.0,24.73,62.12,88,8,8.5
1546815641,Lixourion,GR,38.2,20.43,50.55,100,0,17.34
1546813800,Bien Hoa,VN,10.95,106.82,73.4,88,40,5.82
1546815644,Ahwa,IN,20.76,73.69,49.38,68,0,6.93
1546813380,Saint Anthony,US,43.97,-111.68,33.98,71,75,18.34
1546815180,Cape Canaveral,US,28.41,-80.6,67.64,59,1,5.82
1546815648,Matagami,NG,9.67,8.4,65.63,30,0,9.06
1546815649,Keti Bandar,PK,24.14,67.45,63.87,100,0,15.88
1546815650,Murray Bridge,AU,-35.12,139.28,67.65,86,20,6.26
1546815652,Shingu,JP,33.72,135.99,46.82,100,0,13.42
1546812000,Road Town,VG,18.42,-64.62,78.98,78,20,12.75
1546815739,Kargil,PK,34.56,76.13,-9.44,72,48,0.89
1546815656,Ostroleka,PL,53.09,21.58,17.66,83,64,3.58
1546812000,Coihaique,CL,-45.58,-72.07,51.8,50,75,5.82
1546815180,Barrhead,CA,54.12,-114.4,23.0,92,90,13.87
1546815660,Pevek,RU,69.7,170.27,-28.97,100,0,4.36
1546811820,Makakilo City,US,21.35,-158.09,82.04,38,75,11.41
1546815663,Lata,IN,30.78,78.62,24.95,100,12,2.13
1546812000,Namie,JP,37.52,140.86,35.6,100,75,9.17
1546812000,Bolshoye Nagatkino,RU,54.52,47.97,6.8,84,56,4.47
1546815668,Linhares,BR,-19.38,-40.06,76.79,82,0,9.4
1546813800,Dubbo,AU,-32.25,148.6,78.8,57,32,17.22
1546815670,Deputatskiy,RU,69.3,139.9,-49.67,0,8,2.68
1546812000,Lucea,JM,18.44,-78.17,80.6,74,20,11.41
1546812900,Pecos,US,31.42,-103.49,71.06,24,1,4.7
1546815674,Hualmay,PE,-11.1,-77.61,69.45,84,12,4.7
1546815675,Tiksi,RU,71.64,128.87,-23.39,68,44,2.46
1546815676,Okhotsk,RU,59.36,143.24,-18.35,100,0,8.61
1546815678,Miri,NG,10.31,9.75,57.3,38,20,6.71
1546815240,Alexandria,US,31.31,-92.44,68.0,67,1,6.49
1546812000,Geraldton,CA,49.72,-86.95,5.0,77,75,4.7
1546812000,Bonnyville,CA,54.27,-110.74,21.2,92,90,8.05
1546813800,Almeirim,PT,39.21,-8.63,50.0,66,0,9.17
1546815683,Dong Hoi,VN,17.48,106.6,72.38,99,76,9.73
1546815685,Angoche,MZ,-16.23,39.91,82.01,100,64,10.4
1546812000,Cabedelo,BR,-6.97,-34.84,80.6,74,20,6.93
1546812000,Katsuura,JP,33.93,134.5,35.6,80,40,8.05
1546812960,Douglas,US,31.34,-109.55,50.0,79,90,4.7
1546812000,Havre-Saint-Pierre,CA,50.23,-63.6,26.6,68,75,18.34
1546813800,Constantine,DZ,36.36,6.61,48.2,70,75,13.87
1546815692,Grahamstown,ZA,-33.31,26.53,56.85,84,0,3.69
1546812000,Rosetta,EG,31.4,30.42,50.0,76,40,16.11
1546815695,Dudinka,RU,69.41,86.18,0.56,72,80,23.49
1546812000,La Ronge,CA,55.1,-105.3,12.2,85,90,9.17
1546815697,Bosanski Novi,BA,45.05,16.38,27.11,80,88,4.81
1546812000,Moree,AU,-29.46,149.84,80.6,42,40,18.34
1546812000,Chengdu,CN,30.68,104.06,42.8,93,40,4.47
1546815649,Necochea,AR,-38.55,-58.74,67.83,86,24,10.63
1546812000,Hohhot,CN,40.81,111.65,3.2,59,0,4.47
1546812000,Hervey Bay,AU,-25.3,152.85,77.0,78,75,11.41
1546815707,Poum,MK,41.28,20.71,5.24,75,48,1.79
1546811880,Fairbanks,US,64.84,-147.72,-33.71,70,0,2.91
1546815300,Avera,US,33.19,-82.53,69.98,48,1,3.58
1546815710,Chumikan,RU,54.72,135.31,-2.96,49,12,11.3
1546815711,Nova Olimpia,BR,-14.8,-57.29,81.78,78,12,5.82
1546815712,Artigas,BR,-30.4,-56.46,77.33,83,56,15.43
1546813200,Tromso,NO,69.65,18.96,35.6,80,75,20.8
1546815715,Briancon,FR,44.9,6.65,0.83,57,0,1.45
1546812000,Santa Isabel,CO,4.71,-75.1,80.6,69,75,10.29
1546812000,Kermen,BG,42.51,26.26,26.6,92,75,6.93
1546812000,Anadyr,RU,64.73,177.51,10.4,72,8,35.79
1546815720,Lavrentiya,RU,65.58,-170.99,4.25,89,0,19.13
1546813800,Cairns,AU,-16.92,145.77,80.6,61,0,8.05
1546812000,Dingzhou,CN,38.51,115.0,17.6,67,80,4.47
1546813500,Laguna,MX,27.52,-110.01,59.0,93,90,8.05
1546815730,Soyo,AO,-6.13,12.37,73.46,100,100,3.36
1546811820,Wahiawa,US,21.5,-158.02,82.04,64,20,6.93
1546812000,Esmeraldas,BR,-19.76,-44.31,78.8,57,0,4.7
1546815000,Sabaudia,IT,41.3,13.03,44.6,86,0,4.7
1546815000,Brae,GB,60.4,-1.35,41.0,86,80,10.29
1546813800,Tautira,PF,-17.73,-149.15,84.2,74,75,11.41
1546815737,Qaqortoq,GL,60.72,-46.03,31.92,94,80,9.28
1546815602,Tandil,AR,-37.33,-59.14,70.76,88,36,2.13
1546815740,Tessalit,ML,20.2,1.01,52.85,41,12,9.51
1546815741,Pyapon,MM,16.29,95.68,74.9,94,92,5.48
1546815000,Lohja,FI,60.25,24.07,32.0,97,90,6.93
1546813800,Bereda,ES,43.27,-7.54,37.4,100,0,2.24
1546812000,Aklavik,CA,68.22,-135.01,-7.61,76,90,2.24
1546815746,Spas-Demensk,RU,54.41,34.03,11.9,81,68,2.8
1546815747,Bull Savanna,JM,17.89,-77.59,74.72,66,48,3.69
1546812120,Durango,US,37.28,-107.88,39.02,92,90,12.75
1546815750,Vostok,RU,46.45,135.83,-18.08,50,0,1.9
1546815751,Xinqing,CN,48.28,129.53,-18.26,51,8,2.68
1546815000,Kuusamo,FI,65.96,29.19,28.4,92,90,4.7
1546815511,Trairi,BR,-3.28,-39.27,81.92,100,80,14.88
1546815756,San Patricio,PY,-26.98,-56.83,81.74,80,64,6.71
1546815360,Elizabeth City,US,36.3,-76.22,59.0,61,1,6.93
1546815758,Solnechnyy,RU,50.72,136.64,-23.3,34,8,3.36
1546814100,Crowley,US,30.21,-92.37,66.92,58,1,6.93
1546813800,Neiafu,TO,-18.65,-173.98,77.0,100,90,19.46
1546813800,Ankazobe,MG,-18.32,47.12,68.0,94,75,3.13
1546815763,Mingyue,CN,43.11,128.91,-3.27,48,12,4.14
1546815764,Vestmannaeyjar,IS,63.44,-20.27,39.89,100,92,14.76
1546813800,Tiarei,PF,-17.53,-149.33,84.2,74,75,11.41
1546812000,Benalla,AU,-36.55,145.99,71.6,49,0,4.7
1546815768,Surt,LY,31.21,16.59,55.77,100,8,20.24
1546815769,Sabzevar,IR,36.21,57.68,38.54,69,44,5.37
1546815770,Araouane,ML,18.9,-3.53,57.75,33,64,10.96
1546815772,Ntungamo,UG,-0.87,30.27,63.29,87,88,2.57
1546812000,Esperance,TT,10.24,-61.45,80.6,74,20,11.41
1546815775,Bonavista,CA,48.65,-53.11,38.4,86,48,22.15
1546812000,Dauphin,CA,51.15,-100.04,15.8,92,90,25.28
1546813800,Christchurch,NZ,-43.53,172.64,64.4,72,12,13.87
1546813800,Margate,AU,-43.03,147.26,62.6,48,40,6.93
1546811400,Karpokhorion,GR,39.33,22.02,35.6,85,20,3.36
1546815781,Juegang,CN,32.31,121.18,40.34,98,8,9.84
1546812000,Astara,AZ,38.42,48.87,42.8,87,75,4.7
1546815784,At-Bashi,KG,41.17,75.81,-18.12,59,0,1.9
1546815785,Nyurba,RU,63.29,118.35,-3.05,49,44,7.38
1546815786,Laela,TZ,-8.57,32.05,59.28,99,68,2.68
1546815787,Dafeng,CN,33.2,120.46,34.85,83,24,6.71
1546813560,Clyde River,CA,70.47,-68.59,-5.81,76,90,21.92
1546815791,Huarmey,PE,-10.07,-78.15,69.32,79,12,3.36
1546812000,Mitsamiouli,KM,-11.38,43.28,80.6,83,20,5.82
1546811400,Qasigiannguit,GL,68.82,-51.19,17.6,44,20,20.8
1546815795,Khorixas,NA,-20.37,14.96,60.86,74,0,2.91
1546815000,Lerwick,GB,60.15,-1.15,41.0,75,40,5.82
1546813860,Grindavik,IS,63.84,-22.43,39.2,93,90,5.82
1546815800,Nenjiang,CN,49.17,125.23,-17.9,51,0,4.7
1546815801,Ibadan,NG,7.38,3.9,74.4,71,0,3.8
1546815802,Kadnikov,RU,59.5,40.34,12.08,87,80,9.4
1546815803,Zyryanka,RU,65.73,150.89,-28.16,45,24,6.04
1546811400,Gibara,CU,21.11,-76.13,80.6,65,20,13.87
1546815806,Kizhinga,RU,51.85,109.91,-7.55,57,0,5.7
1546815807,Bayanday,RU,53.07,105.52,-24.87,35,24,2.24
1546813800,Los Llanos de Aridane,ES,28.66,-17.92,62.6,63,0,8.05
1546815810,Jeremie,HT,18.65,-74.12,77.15,95,0,7.61
1546815812,Ozernovskiy,RU,51.5,156.52,21.93,100,76,18.79
1546815813,Coahuayana,MX,18.62,-100.35,77.78,42,0,2.13
1546812000,Nisia Floresta,BR,-6.09,-35.21,78.8,78,0,5.82
1546813800,Lasa,CY,34.92,32.53,55.4,58,40,21.92
1546812000,San Juan,PH,14.6,121.03,75.2,78,20,2.24
1546815818,Biak,ID,-0.91,122.88,82.28,90,20,2.57
1546812000,Minab,IR,27.15,57.07,64.4,77,0,2.24
1546815820,Kichera,RU,55.93,110.1,-20.96,56,36,0.89
1546815821,Motygino,RU,58.18,94.69,2.9,84,80,6.93
1546811040,Ixtapa,MX,20.71,-105.21,82.4,54,90,4.7
1546815824,Beyneu,KZ,45.32,55.19,29.72,97,92,6.15
1546815825,Sabang,PH,13.72,123.58,75.35,96,92,12.53
1546815826,Taunggyi,MM,20.78,97.03,55.23,98,76,2.01
1546813800,Dakar,SN,14.69,-17.45,73.4,40,0,13.87
1546812000,Manyana,AU,-35.26,150.51,71.6,68,75,1.12
1546815832,Kilindoni,TZ,-7.91,39.67,83.54,100,20,14.43
1546812000,Iquique,CL,-20.22,-70.14,75.2,69,20,18.34
1546815834,Ahipara,NZ,-35.17,173.16,75.71,66,0,9.4
1546811460,San Angelo,US,31.46,-100.44,71.06,50,1,18.34
1546812000,Nara,JP,34.68,135.8,42.8,81,20,3.36
1546813800,Millau,FR,44.1,3.08,28.4,92,56,10.29
1546813800,Svetlogorsk,RU,53.14,59.15,3.2,77,75,4.47
1546812000,Pisco,PE,-13.71,-76.2,71.6,30,12,6.93
1546815000,Blackwater,GB,51.33,-0.78,48.2,87,75,8.05
1546813200,Timra,SE,62.49,17.33,37.4,100,0,4.7
1546815000,Rome,IT,41.89,12.48,44.6,86,0,4.7
1546812000,Sibu,MY,2.29,111.83,75.2,94,75,10.29
1546810800,La Paz,MX,24.15,-110.32,78.8,65,90,13.87
1546815849,Porto Novo,BR,-23.68,-45.44,70.04,100,32,2.35
1546815850,Ust-Kuyga,RU,70.0,135.55,-47.42,0,0,3.02
1546815853,Vao,EE,59.1,26.19,20.36,92,76,10.29
1546814100,Lexington,US,38.05,-84.5,55.04,66,1,6.93
1546815855,Ogaminana,NG,7.6,6.2,65.54,64,0,1.9
1546815856,Kavali,IN,14.91,79.99,55.5,85,0,2.8
1546815858,Boffa,GN,10.18,-14.04,69.63,83,24,6.04
1546815859,Bandar,ID,-4.2,104.14,72.74,99,88,5.59
1546815860,Novobirilyussy,RU,56.95,90.69,9.56,76,64,8.72
1546813800,Petropavlovsk-Kamchatskiy,RU,53.05,158.65,8.6,65,12,2.24
1546815862,Novikovo,UA,45.05,34.56,28.68,100,92,12.19
1546815863,Kizema,RU,61.11,44.83,8.39,80,64,14.2
1546815865,Pionerskiy,RU,61.2,62.86,7.35,76,12,5.14
1546815868,Ossora,RU,59.24,163.07,24.32,85,68,12.53
1546815869,Hemsedal,NO,60.86,8.55,20.22,94,80,2.13
1546815871,Ponte de Sor,PT,39.25,-8.01,25.13,78,0,2.68
1546815872,Srednekolymsk,RU,67.46,153.71,-30.14,50,24,3.13
1546812000,Marsa Matruh,EG,31.35,27.25,48.2,66,0,13.87
1546815874,Kutum,SD,14.2,24.66,56.27,30,12,11.41
1546815876,Wanlaweyn,SO,2.62,44.89,77.15,75,48,9.73
1546815877,Karwar,IN,14.8,74.13,62.3,66,0,2.57
1546815963,Magadan,RU,59.56,150.8,3.8,100,36,22.7
1546815879,Dzilam Gonzalez,MX,21.28,-88.93,75.53,61,0,5.14
1546815881,Batagay-Alyta,RU,67.8,130.41,-38.51,0,32,2.68
1546815882,Sawakin,SD,19.1,37.33,72.74,92,12,12.97
1546815883,Merauke,ID,-8.49,140.4,78.14,100,92,11.63
1546812000,Naze,NG,5.43,7.07,68.0,77,24,9.4
1546812000,Sao Joao da Barra,BR,-21.64,-41.05,78.8,74,0,16.11
1546815887,Ongandjera,NA,-17.88,15.07,74.45,35,0,12.64
1546815888,Ca Mau,VN,9.18,105.15,79.31,86,8,18.79
1546815000,Witney,GB,51.78,-1.49,46.4,87,90,2.24
1546811460,Bushehr,IR,28.97,50.84,68.0,72,0,16.11
1546812000,Puerto Madero,AR,-34.61,-58.36,84.2,45,0,4.7
1546815893,Gobabis,NA,-22.45,18.97,65.63,53,0,6.38
1546815895,Verkhniy Landekh,RU,56.84,42.6,9.15,78,56,5.26
1546813800,Mareeba,AU,-16.99,145.42,80.6,61,0,8.05
1546815897,Osa,RU,57.28,55.46,14.78,87,76,4.92
1546815898,Mahibadhoo,MV,3.78,72.97,80.75,100,88,12.64
1546815899,Bilma,NE,18.69,12.92,47.27,28,0,10.74
1546815600,Pacific Grove,US,36.62,-121.92,53.6,79,90,5.82
1546815902,Khasan,RU,42.43,130.64,10.73,100,0,7.94
1546812000,Cache Creek,CA,50.81,-121.33,33.8,34,90,10.29
1546815904,Richards Bay,ZA,-28.77,32.06,70.35,83,76,5.48
1546815905,Lafia,NG,8.5,8.51,69.32,37,0,7.27
1546813800,Quimper,FR,48.0,-4.1,46.4,75,90,5.82
1546815908,Tanggulangin,ID,-6.99,111.85,76.25,90,8,4.25
1546813800,Strezhevoy,RU,60.73,77.6,15.8,78,90,15.66
1546815910,Ambilobe,MG,-13.19,49.05,72.87,100,80,1.12
1546815911,Ushtobe,KZ,45.25,77.98,-6.33,42,0,2.57
1546812000,Praia da Vitoria,PT,38.73,-27.07,62.6,93,40,27.07
1546815914,Huangnihe,CN,43.56,128.02,-12.59,57,32,2.01
1546815915,Okato,NZ,-39.19,173.88,67.83,94,92,11.74
1546812000,The Valley,AI,18.22,-63.06,78.8,73,20,13.87
1546815917,Padampur,IN,29.71,73.62,43.98,88,0,2.91
1546815918,Los Amates,GT,15.26,-89.1,66.03,97,92,2.13
1546815919,Vagur,FO,61.47,-6.81,44.57,100,92,21.47
1546815921,Paharpur,PK,32.1,70.97,31.83,73,32,2.68
1546812000,Broken Hill,AU,-31.97,141.45,69.8,40,0,19.46
1546812000,Jorochito,BO,-18.06,-63.43,84.2,70,75,14.99
1546815000,Vestmanna,FO,62.16,-7.17,39.2,86,88,17.22
1546815300,Vardo,US,39.62,-77.74,48.2,54,1,6.93
1546815300,Simi,US,38.64,-122.87,51.8,100,90,10.29
1546815929,Binzhou,CN,37.38,117.96,16.13,59,48,3.13
1546812000,Mahajanga,MG,-15.72,46.32,82.4,83,40,4.7
1546815931,Sulangan,PH,11.14,123.72,79.85,100,24,18.57
1546815933,Kidal,ML,18.44,1.41,56.18,46,48,9.73
1546815936,Bethanien,NA,-26.5,17.16,67.2,25,0,5.14
1546815937,Teknaf,BD,20.86,92.31,60.32,88,80,2.35
1546815938,Bolobo,CD,-2.17,16.23,72.38,99,32,4.03
1546815939,Darnah,LY,32.77,22.64,59.42,100,80,27.63
1546815940,Tual,ID,-5.67,132.75,80.66,100,44,11.3
1546813800,Gladstone,AU,-23.84,151.26,78.8,74,92,10.29
1546815944,Zaria,NG,11.11,7.72,62.25,31,32,11.63
1546815945,Payo,ID,-3.75,103.64,72.65,99,92,4.36
1546814400,Eldorado,MX,24.32,-107.36,80.6,44,90,11.41
1546813800,Saint-Pierre,FR,48.95,4.24,39.2,93,90,3.36
1546812000,Ozu,JP,33.51,132.54,37.4,100,75,9.17
1546815951,Otane,NZ,-39.89,176.62,78.0,46,76,10.74
1546815952,Tekeli,KZ,44.86,78.76,-10.92,33,0,2.91
1546815953,Rumphi,MW,-11.02,33.86,61.76,99,88,1.9
1546815000,Mehamn,NO,71.03,27.85,39.2,64,75,31.09
1546815956,Rock Sound,BS,24.9,-76.2,75.71,100,76,14.65
1546813800,Kununurra,AU,-15.77,128.74,80.6,65,0,16.11
1546815958,Hella,IS,63.84,-20.4,39.89,100,92,14.76
1546815959,Viedma,AR,-40.81,-62.99,71.3,38,0,15.66
1546815960,Tommot,RU,58.97,126.27,-3.68,48,36,8.16
1546815962,Greytown,ZA,-29.06,30.59,58.97,94,68,2.35
1546815963,Uaua,BR,-9.84,-39.48,80.48,59,56,11.3
1546815964,Zharkent,KZ,44.17,80.0,-19.38,23,0,2.13
1546813800,La Trinite,FR,48.25,-4.26,46.4,75,90,4.7
1546815966,Surenavan,AM,39.75,44.8,22.25,76,92,2.57
1546815000,Erzin,TR,36.95,36.2,46.4,75,40,20.8
1546815969,Puerto Carreno,CO,6.19,-67.49,74.0,85,32,3.69
1546815970,Ushibuka,JP,32.19,130.02,45.47,100,0,4.59
1546815180,Miles City,US,46.41,-105.84,39.92,76,1,5.82
1546813800,Taozhuang,CN,39.86,116.51,17.6,52,64,6.71
1546814100,Grand Island,US,40.92,-98.34,48.2,79,1,3.36
1546815976,Shostka,UA,51.86,33.47,19.64,89,80,7.38
1546815000,Batsfjord,NO,70.63,29.72,39.2,64,75,31.09
1546815360,Anacortes,US,48.5,-122.62,46.94,68,75,11.41
1546815981,Kokorevka,RU,52.59,34.27,16.13,88,76,8.16
1546812000,Port Moresby,PG,-9.47,147.16,75.2,94,75,11.41
1546812000,Rio Cuarto,AR,-33.13,-64.35,64.4,82,90,4.7
1546815985,Gorontalo,ID,0.54,123.06,77.42,90,12,2.46
1546815987,Zaysan,KZ,47.47,84.87,-14.21,39,0,1.9
1546815989,Kuminskiy,RU,58.67,66.57,16.17,88,80,7.38
1546815990,Carutapera,BR,-1.2,-46.02,78.5,89,64,7.61
1546814400,Constitucion,MX,23.99,-104.67,73.4,12,90,11.41
1546815993,Mabaruma,GY,8.2,-59.78,78.45,83,92,8.39
1546815994,Debre Tabor,ET,11.86,38.01,44.48,41,12,3.13
1546815180,Monroe,US,41.91,-83.4,39.92,76,1,5.82
1546815996,Tshikapa,CD,-6.42,20.79,70.53,100,80,4.25
1546815997,Uglegorsk,RU,49.08,142.06,8.07,87,36,11.97
1546812000,Santiago,CL,-33.44,-70.65,75.2,56,75,8.05
1546816001,De Aar,ZA,-30.65,24.01,66.53,32,48,11.07
1546816003,Hachinohe,JP,40.47,141.48,28.91,62,8,9.62
1546816004,Hami,CN,42.84,93.51,-2.6,46,0,6.82
1546812000,Mayo,CA,63.59,-135.9,-20.21,75,75,2.24
1546811760,Kenai,US,60.55,-151.26,3.92,79,20,4.59
1546815919,Port-Gentil,GA,-0.72,8.78,77.33,100,68,2.46
1546812000,Pemba,MZ,-12.97,40.52,80.6,88,75,4.7
1546816010,Oussouye,SN,12.49,-16.54,78.59,75,80,7.61
1546816012,Kulhudhuffushi,MV,6.62,73.07,79.98,100,8,5.48
1546816013,Nakusp,CA,50.24,-117.8,26.3,61,88,2.91
1546816014,Yar-Sale,RU,66.83,70.83,3.26,91,68,16.78
1546812000,Grand Gaube,MU,-20.01,57.66,82.4,83,40,12.75
1546815828,Jambi,ID,-1.6,103.62,75.53,98,32,3.47
1546816017,Zhenlai,CN,45.84,123.2,-6.29,58,32,3.02
1546811400,Nuuk,GL,64.17,-51.74,26.6,73,90,16.11
1546816020,Gamboma,CG,-1.87,15.88,70.13,96,44,8.39
1546816021,Kuvshinovo,RU,57.03,34.18,14.42,89,76,6.82
1546813800,Oktyabrskiy,RU,55.61,37.97,14.0,85,75,4.47
1546814940,Teya,MX,21.05,-89.07,78.8,57,5,6.93
1546816026,Staryy Nadym,RU,65.61,72.68,-0.93,78,56,11.74
1546812000,Gouyave,GD,12.16,-61.73,78.8,83,20,11.41
1546816028,Kumluca,TR,36.37,30.29,4.7,66,48,1.57
1546815180,Millinocket,US,45.66,-68.71,24.08,61,90,16.11
1546816030,Amot,NO,59.57,7.99,10.82,73,8,2.13
1546816032,Jaisalmer,IN,26.91,70.91,43.31,84,0,4.14
1546813800,Denpasar,ID,-8.65,115.22,78.8,94,20,3.36
1546816034,Kaeo,NZ,-35.1,173.78,83.9,45,0,1.68
1546815853,Warrnambool,AU,-38.38,142.48,63.29,94,64,3.69
1546812000,Chapleau,CA,47.85,-83.4,-0.41,91,20,5.14
1546812000,Riyadh,SA,24.63,46.72,59.0,44,0,2.24
1546816038,Kieta,PG,-6.22,155.63,84.62,92,56,3.47
1546816040,Ayan,TR,40.67,33.6,15.27,78,32,3.69
1546816041,Sinnamary,GF,5.38,-52.96,76.38,100,92,6.15
1546816042,Arawa,NG,7.05,3.9,74.4,71,0,3.8
1546812000,Tartagal,AR,-22.52,-63.8,86.0,74,40,9.17
1546816044,Navahrudak,BY,53.59,25.82,16.94,90,68,5.7
1546812000,Praia,BR,-20.25,-43.81,78.8,54,0,1.12
1546816047,Tahoua,NE,14.89,5.26,60.95,32,32,15.21
1546813800,Hasanabad,IR,35.37,51.24,39.2,86,20,6.93
1546816049,Port Lincoln,AU,-34.72,135.86,68.33,84,92,10.18
1546816050,Dandong,CN,40.12,124.37,0.74,63,0,2.57
1546812000,Manaus,BR,-3.13,-59.98,82.4,74,0,6.93
1546816052,Kavaratti,IN,10.57,72.64,80.97,100,8,8.16
1546816054,Marzuq,YE,14.4,46.47,35.43,79,0,2.68
1546813800,Alice Springs,AU,-23.7,133.88,80.6,20,0,10.29
1546812000,Buin,CL,-33.73,-70.74,75.2,56,75,8.05
1546816058,Tawang,BT,27.59,91.87,19.28,52,0,1.34
1546816060,Kurilsk,RU,45.23,147.88,23.87,100,68,17.45
1546816061,Bay-Khaak,RU,51.16,94.47,-29.78,42,8,2.13
1546815000,Vila,IT,45.18,8.4,48.2,31,0,17.22
1546816064,Sao Gabriel da Cachoeira,BR,-0.13,-67.09,75.57,98,32,2.91
1546816065,Shimoda,JP,34.7,138.93,48.26,100,100,10.07
1546816066,Kyzyl-Suu,KG,42.34,78.0,8.03,100,0,4.03
1546816068,Manggar,ID,-2.88,108.27,77.87,100,8,2.57
1546815180,Oskaloosa,US,39.22,-95.31,57.92,55,40,18.34
1546816071,Tazovskiy,RU,67.47,78.7,-0.93,78,68,14.09
1546816072,Neryungri,RU,56.66,124.71,-12.59,71,24,9.73
1546812000,Kibala,TD,9.11,18.35,78.8,27,0,9.17
1546813800,Yelizovo,RU,53.19,158.38,8.6,65,0,2.24
1546813800,Kermanshah,IR,34.32,47.07,44.6,89,20,9.17
1546813800,Cam Ranh,VN,11.92,109.15,78.8,83,40,10.29
1546816078,Leshukonskoye,RU,64.9,45.76,14.33,83,92,8.72
1546816079,Umm Kaddadah,SD,13.6,26.69,59.82,34,20,16.55
1546816081,Quang Ngai,VN,15.12,108.8,68.33,99,92,2.57
